county_fips,week,county,state,new_cases_week,cumulative_cases
00001,2025-08-24,North,AL,1,1
00006,2025-06-15,Unknown County,CA,1,1
00006,2025-10-12,Unknown County,CA,1,2
00006,2025-12-07,Unknown County,CA,1,3
00006,2026-01-04,Unknown County,CA,1,4
00006,2026-02-22,Unknown County,CA,1,5
00013,2026-01-11,Coastal Health District,GA,1,1
00016,2025-09-28,Unknown County,ID,2,2
00017,2025-10-19,Unknown County,IL,2,2
00017,2026-02-15,Unknown County,IL,2,4
00019,2025-05-18,Central,IA,1,1
00019,2025-06-08,Eastern,IA,5,6
00019,2025-07-13,Eastern,IA,1,7
00019,2025-07-20,Western,IA,1,8
00019,2025-12-14,Central,IA,1,9
00020,2025-03-30,Unknown County,KS,10,10
00020,2025-04-06,Unknown County,KS,2,12
00020,2025-04-13,Unknown County,KS,3,15
00020,2025-06-15,Unknown County,KS,2,17
00020,2025-11-02,Unknown County,KS,3,20
00021,2025-06-29,Unknown County,KY,1,1
00025,2026-02-22,Unknown County,MA,1,1
00027,2025-06-08,Unknown County,MN,1,1
00027,2025-09-21,Unknown County,MN,3,4
00027,2025-09-28,Twin Cities Metro Area,MN,10,14
00027,2025-10-05,Unknown County,MN,2,16
00027,2025-10-26,Unknown County,MN,2,18
00027,2025-11-09,Unknown County,MN,1,19
00027,2025-11-30,Unknown County,MN,2,21
00027,2026-01-18,Unknown County,MN,1,22
00027,2026-02-08,Unknown County,MN,1,23
00027,2026-02-15,Unknown County,MN,3,26
00027,2026-02-22,Unknown County,MN,5,31
00027,2026-03-01,Unknown County,MN,2,33
00027,2026-03-08,Unknown County,MN,2,35
00031,2025-12-28,Unknown County,NE,1,1
00031,2026-01-04,Unknown County,NE,2,3
00034,2025-08-24,Unknown County,NJ,2,2
00034,2025-10-26,Unknown County,NJ,1,3
00041,2026-01-25,Unknown County,OR,2,2
00042,2025-08-17,Unknown County,PA,1,1
00048,2025-10-26,Unknown County,TX,1,1
02020,2025-01-12,Anchorage,AK,1,1
02020,2025-05-18,Anchorage,AK,1,2
02020,2025-10-12,Anchorage,AK,1,3
02122,2025-01-19,Kenai Peninsula,AK,1,1
04005,2025-12-28,Coconino,AZ,1,1
04013,2026-01-18,Maricopa,AZ,1,1
04013,2026-02-01,Maricopa,AZ,2,3
04013,2026-02-15,Maricopa,AZ,1,4
04015,2025-08-10,Mohave,AZ,1,1
04015,2025-08-17,Mohave,AZ,8,9
04015,2025-08-24,Mohave,AZ,3,12
04015,2025-08-31,Mohave,AZ,12,24
04015,2025-09-07,Mohave,AZ,6,30
04015,2025-09-14,Mohave,AZ,12,42
04015,2025-09-21,Mohave,AZ,6,48
04015,2025-09-28,Mohave,AZ,7,55
04015,2025-10-05,Mohave,AZ,4,59
04015,2025-10-12,Mohave,AZ,14,73
04015,2025-10-19,Mohave,AZ,7,80
04015,2025-10-26,Mohave,AZ,13,93
04015,2025-11-02,Mohave,AZ,14,107
04015,2025-11-09,Mohave,AZ,17,124
04015,2025-11-16,Mohave,AZ,9,133
04015,2025-11-23,Mohave,AZ,16,149
04015,2025-11-30,Mohave,AZ,2,151
04015,2025-12-07,Mohave,AZ,21,172
04015,2025-12-14,Mohave,AZ,14,186
04015,2025-12-21,Mohave,AZ,5,191
04015,2025-12-28,Mohave,AZ,23,214
04015,2026-01-11,Mohave,AZ,3,217
04015,2026-01-18,Mohave,AZ,5,222
04015,2026-01-25,Mohave,AZ,9,231
04015,2026-02-01,Mohave,AZ,8,239
04015,2026-02-08,Mohave,AZ,10,249
04015,2026-02-15,Mohave,AZ,5,254
04015,2026-02-22,Mohave,AZ,6,260
04015,2026-03-01,Mohave,AZ,1,261
04017,2025-06-08,Navajo,AZ,4,4
04019,2025-12-28,Pima,AZ,1,1
04019,2026-01-18,Pima,AZ,1,2
04019,2026-02-08,Pima,AZ,1,3
04021,2026-01-18,Pinal,AZ,2,2
04021,2026-01-25,Pinal,AZ,1,3
05007,2025-06-15,Benton,AR,1,1
05045,2025-04-06,Faulkner,AR,1,1
05045,2025-04-27,Faulkner,AR,1,2
05045,2025-05-04,Faulkner,AR,2,4
05045,2025-05-18,Faulkner,AR,1,5
05045,2025-05-25,Faulkner,AR,1,6
05125,2025-04-06,Saline,AR,1,1
06013,2025-12-21,Contra Costa,CA,1,1
06019,2025-03-09,Fresno,CA,1,1
06019,2025-03-16,Fresno,CA,1,2
06037,2025-03-09,Los Angeles,CA,1,1
06037,2025-04-20,Los Angeles,CA,1,2
06037,2025-05-04,Los Angeles,CA,1,3
06037,2025-06-01,Los Angeles,CA,1,4
06037,2025-06-08,Los Angeles,CA,1,5
06037,2026-01-25,Los Angeles,CA,2,7
06037,2026-02-01,Los Angeles,CA,1,8
06037,2026-02-15,Los Angeles,CA,1,9
06055,2026-01-18,Napa,CA,1,1
06059,2025-02-23,Orange,CA,1,1
06059,2025-09-28,Orange,CA,1,2
06059,2026-01-25,Orange,CA,2,4
06061,2025-03-30,Placer,CA,1,1
06061,2026-03-01,Placer,CA,4,5
06065,2025-03-30,Riverside,CA,1,1
06065,2026-02-08,Riverside,CA,3,4
06067,2025-06-15,Sacramento,CA,1,1
06067,2026-03-01,Sacramento,CA,2,3
06073,2025-08-10,San Diego,CA,1,1
06079,2025-12-14,San Luis Obispo,CA,1,1
06081,2025-03-30,San Mateo,CA,1,1
06081,2026-01-18,San Mateo,CA,1,2
06081,2026-01-25,San Mateo,CA,1,3
06085,2025-05-25,Santa Clara,CA,1,1
06085,2026-02-22,Santa Clara,CA,1,2
06089,2026-01-25,Shasta,CA,1,1
06089,2026-02-08,Shasta,CA,7,8
06089,2026-02-15,Shasta,CA,1,9
06107,2025-07-20,Tulare,CA,2,2
06109,2025-03-16,Tuolumne,CA,2,2
06113,2025-06-01,Yolo,CA,1,1
08001,2025-08-10,Adams,CO,3,3
08001,2025-08-24,Adams,CO,1,4
08001,2026-03-01,Adams,CO,5,9
08005,2025-05-11,Arapahoe,CO,1,1
08005,2025-05-25,Arapahoe,CO,2,3
08005,2025-06-01,Arapahoe,CO,1,4
08005,2025-06-08,Arapahoe,CO,1,5
08005,2026-02-08,Arapahoe,CO,1,6
08007,2025-04-06,Archuleta,CO,1,1
08013,2025-06-08,Boulder,CO,1,1
08014,2026-03-01,Broomfield,CO,1,1
08014,2026-03-08,Broomfield,CO,2,3
08031,2025-04-06,Denver,CO,1,1
08031,2025-04-20,Denver,CO,2,3
08031,2025-06-01,Denver,CO,1,4
08041,2025-06-01,El Paso,CO,3,3
08041,2025-06-08,El Paso,CO,1,4
08077,2025-08-10,Mesa,CO,1,1
08077,2025-08-17,Mesa,CO,1,2
08077,2025-08-24,Mesa,CO,5,7
08077,2025-10-12,Mesa,CO,4,11
08083,2025-11-09,Montezuma,CO,1,1
08083,2025-11-30,Montezuma,CO,1,2
08083,2025-12-14,Montezuma,CO,2,4
08101,2025-03-30,Pueblo,CO,1,1
08123,2025-12-14,Weld,CO,1,1
08123,2026-03-01,Weld,CO,1,2
09170,2025-12-07,South Central Connecticut,CT,1,1
11001,2025-06-08,Washington,DC,1,1
12001,2026-01-25,Alachua,FL,1,1
12001,2026-02-01,Alachua,FL,1,2
12011,2025-04-20,Broward,FL,1,1
12011,2025-08-10,Broward,FL,1,2
12011,2026-01-25,Broward,FL,1,3
12011,2026-02-15,Broward,FL,1,4
12021,2026-01-25,Collier,FL,4,4
12021,2026-02-01,Collier,FL,42,46
12021,2026-02-08,Collier,FL,20,66
12021,2026-02-15,Collier,FL,17,83
12021,2026-02-22,Collier,FL,10,93
12021,2026-03-01,Collier,FL,5,98
12031,2025-08-10,Duval,FL,1,1
12031,2026-01-18,Duval,FL,4,5
12031,2026-02-01,Duval,FL,2,7
12033,2026-02-01,Escambia,FL,3,3
12033,2026-02-08,Escambia,FL,2,5
12057,2026-01-04,Hillsborough,FL,1,1
12057,2026-02-01,Hillsborough,FL,1,2
12071,2026-01-25,Lee,FL,1,1
12071,2026-02-15,Lee,FL,1,2
12073,2025-06-01,Leon,FL,1,1
12073,2025-06-22,Leon,FL,1,2
12081,2026-01-04,Manatee,FL,1,1
12081,2026-02-01,Manatee,FL,2,3
12086,2025-03-02,Miami-Dade,FL,1,1
12086,2026-01-25,Miami-Dade,FL,1,2
12091,2025-11-09,Okaloosa,FL,1,1
12101,2026-03-01,Pasco,FL,1,1
12103,2026-02-01,Pinellas,FL,1,1
12103,2026-02-08,Pinellas,FL,2,3
12103,2026-02-15,Pinellas,FL,2,5
12103,2026-03-01,Pinellas,FL,1,6
12109,2026-01-04,St. Johns,FL,1,1
12109,2026-02-01,St. Johns,FL,1,2
12109,2026-02-22,St. Johns,FL,1,3
13029,2026-02-22,Bryan,GA,1,1
13121,2025-01-26,Fulton,GA,1,1
13121,2025-03-30,Fulton,GA,2,3
13121,2025-05-18,Fulton,GA,1,4
13121,2025-06-01,Fulton,GA,1,5
13121,2025-06-15,Fulton,GA,1,6
13121,2025-09-07,Fulton,GA,1,7
13121,2025-09-21,Fulton,GA,3,10
15003,2025-04-06,Honolulu,HI,1,1
15003,2025-04-13,Honolulu,HI,1,2
16017,2025-08-17,Bonner,ID,1,1
16019,2025-08-03,Bonneville,ID,2,2
16019,2025-09-07,Bonneville,ID,3,5
16021,2025-10-19,Boundary,ID,2,2
16021,2025-10-26,Boundary,ID,1,3
16021,2025-11-02,Boundary,ID,3,6
16027,2026-01-04,Canyon,ID,1,1
16027,2026-01-11,Canyon,ID,1,2
16027,2026-01-18,Canyon,ID,3,5
16027,2026-02-22,Canyon,ID,1,6
16055,2025-08-10,Kootenai,ID,1,1
16065,2025-12-28,Madison,ID,1,1
16065,2026-01-11,Madison,ID,2,3
17031,2025-04-20,Cook,IL,1,1
17031,2025-04-27,Cook,IL,5,6
17031,2025-09-14,Cook,IL,1,7
17031,2025-09-28,Cook,IL,1,8
17199,2025-04-20,Williamson,IL,1,1
17199,2025-05-04,Williamson,IL,3,4
18003,2025-04-06,Allen,IN,6,6
18003,2025-04-20,Allen,IN,2,8
18089,2025-10-12,Lake,IN,1,1
18089,2025-10-26,Lake,IN,1,2
18133,2025-07-06,Putnam,IN,1,1
20069,2025-04-27,Gray,KS,15,15
20069,2025-05-11,Gray,KS,6,21
20069,2025-05-25,Gray,KS,3,24
20069,2025-06-01,Gray,KS,1,25
20069,2025-06-08,Gray,KS,1,26
20069,2025-06-29,Gray,KS,2,28
20069,2025-07-13,Gray,KS,1,29
20081,2025-04-06,Haskell,KS,8,8
20081,2025-05-18,Haskell,KS,2,10
20081,2025-06-01,Haskell,KS,1,11
20081,2025-06-08,Haskell,KS,4,15
20081,2025-06-15,Haskell,KS,2,17
20081,2025-06-29,Haskell,KS,1,18
20081,2025-07-06,Haskell,KS,1,19
20097,2025-03-30,Kiowa,KS,6,6
20145,2025-06-01,Pawnee,KS,7,7
20189,2025-03-30,Stevens,KS,6,6
20189,2025-04-06,Stevens,KS,1,7
20189,2025-07-06,Stevens,KS,2,9
20189,2025-07-13,Stevens,KS,1,10
21067,2025-06-29,Fayette,KY,1,1
21067,2025-07-06,Fayette,KY,5,6
21073,2025-02-23,Franklin,KY,1,1
21111,2025-07-13,Jefferson,KY,1,1
21111,2025-07-27,Jefferson,KY,1,2
21113,2026-01-11,Jessamine,KY,1,1
21113,2026-01-25,Jessamine,KY,3,4
21219,2025-06-29,Todd,KY,1,1
21239,2025-06-29,Woodford,KY,3,3
22071,2025-04-13,Region 1,LA,1,1
22071,2025-04-20,Region 1,LA,1,2
23019,2026-02-01,Penobscot,ME,1,1
23019,2026-02-15,Penobscot,ME,4,5
24027,2025-03-09,Howard,MD,1,1
24033,2025-03-09,Prince George's,MD,2,2
25025,2026-02-22,Greater Boston,MA,1,1
26005,2025-06-01,Allegan,MI,1,1
26055,2025-06-15,Grand Traverse,MI,2,2
26055,2025-06-22,Grand Traverse,MI,1,3
26055,2025-06-29,Grand Traverse,MI,1,4
26065,2025-04-13,Ingham,MI,1,1
26081,2025-03-30,Kent,MI,1,1
26081,2025-06-29,Kent,MI,1,2
26081,2025-07-20,Kent,MI,2,4
26099,2025-03-30,Macomb,MI,1,1
26099,2025-06-08,Macomb,MI,1,2
26103,2025-05-25,Marquette,MI,1,1
26103,2025-06-01,Marquette,MI,1,2
26117,2025-04-06,Montcalm,MI,1,1
26117,2025-04-13,Montcalm,MI,2,3
26117,2025-04-20,Montcalm,MI,1,4
26121,2025-06-22,Muskegon,MI,1,1
26121,2025-10-05,Muskegon,MI,1,2
26121,2025-10-19,Muskegon,MI,1,3
26125,2025-03-09,Oakland,MI,1,1
26125,2025-12-14,Oakland,MI,1,2
26133,2025-07-20,Osceola,MI,2,2
26133,2025-07-27,Osceola,MI,5,7
27037,2025-06-01,Dakota,MN,1,1
27053,2025-03-23,Hennepin,MN,1,1
27053,2025-04-20,Hennepin,MN,1,2
27109,2025-10-12,Olmsted,MN,1,1
27163,2025-06-01,Washington,MN,1,1
29039,2025-06-22,Cedar,MO,1,1
29039,2025-06-29,Cedar,MO,4,5
29095,2026-03-01,Jackson,MO,1,1
29143,2025-05-04,New Madrid,MO,1,1
29213,2025-04-13,Taney,MO,1,1
30013,2025-07-13,Cascade,MT,1,1
30029,2025-05-18,Flathead,MT,1,1
30029,2025-05-25,Flathead,MT,1,2
30031,2025-04-13,Gallatin,MT,5,5
30031,2025-04-27,Gallatin,MT,2,7
30031,2025-05-04,Gallatin,MT,1,8
30031,2025-05-18,Gallatin,MT,1,9
30031,2025-05-25,Gallatin,MT,1,10
30031,2025-06-01,Gallatin,MT,1,11
30031,2025-06-08,Gallatin,MT,2,13
30031,2025-06-15,Gallatin,MT,3,16
30031,2025-06-22,Gallatin,MT,1,17
30031,2025-07-20,Gallatin,MT,2,19
30031,2025-11-23,Gallatin,MT,1,20
30031,2025-11-30,Gallatin,MT,2,22
30031,2025-12-07,Gallatin,MT,1,23
30041,2025-05-18,Hill,MT,1,1
30041,2025-06-01,Hill,MT,3,4
30049,2025-08-10,Lewis and Clark,MT,1,1
30049,2025-08-24,Lewis and Clark,MT,1,2
30111,2025-06-01,Yellowstone,MT,2,2
30111,2025-07-13,Yellowstone,MT,1,3
30111,2025-07-20,Yellowstone,MT,1,4
31109,2026-01-25,Lancaster,NE,1,1
31141,2025-12-28,Platte,NE,1,1
31161,2025-05-25,Sheridan,NE,1,1
32003,2025-11-02,Clark,NV,1,1
32031,2025-12-21,Washoe,NV,1,1
34003,2025-02-09,Bergen,NJ,1,1
34003,2025-02-16,Bergen,NJ,2,3
34003,2025-08-31,Bergen,NJ,1,4
34017,2025-06-29,Hudson,NJ,1,1
34017,2025-08-17,Hudson,NJ,1,2
34029,2025-07-06,Ocean,NJ,1,1
34031,2025-07-27,Passaic,NJ,1,1
35005,2025-04-06,Chaves,NM,1,1
35009,2025-05-04,Curry,NM,1,1
35013,2025-04-13,Dona Ana,NM,1,1
35013,2025-04-27,Dona Ana,NM,1,2
35013,2026-02-22,Dona Ana,NM,2,4
35015,2025-03-30,Eddy,NM,2,2
35015,2025-04-20,Eddy,NM,1,3
35023,2026-02-22,Hidalgo,NM,2,2
35025,2025-02-09,Lea,NM,3,3
35025,2025-03-02,Lea,NM,27,30
35025,2025-03-09,Lea,NM,2,32
35025,2025-03-30,Lea,NM,20,52
35025,2025-04-06,Lea,NM,3,55
35025,2025-04-13,Lea,NM,4,59
35025,2025-04-20,Lea,NM,2,61
35025,2025-05-04,Lea,NM,3,64
35025,2025-05-11,Lea,NM,1,65
35025,2025-05-25,Lea,NM,1,66
35025,2025-06-01,Lea,NM,1,67
35029,2025-06-22,Luna,NM,5,5
35029,2025-06-29,Luna,NM,9,14
35029,2026-02-22,Luna,NM,2,16
35029,2026-03-08,Luna,NM,3,19
35043,2025-05-11,Sandoval,NM,2,2
35043,2025-05-18,Sandoval,NM,4,6
35045,2025-06-01,San Juan,NM,1,1
35049,2025-07-20,Santa Fe,NM,1,1
35049,2025-07-27,Santa Fe,NM,1,2
35049,2025-08-10,Santa Fe,NM,3,5
36061,2025-01-26,New York City,NY,1,1
36061,2025-02-23,New York City,NY,1,2
36061,2025-03-16,New York City,NY,1,3
36061,2025-05-11,New York City,NY,3,6
36061,2025-07-06,New York City,NY,1,7
36061,2025-07-27,New York City,NY,1,8
36061,2025-08-17,New York City,NY,1,9
36061,2025-09-07,New York City,NY,4,13
36061,2025-09-14,New York City,NY,2,15
36061,2025-09-21,New York City,NY,1,16
36061,2025-10-12,New York City,NY,2,18
36061,2025-11-23,New York City,NY,1,19
36061,2025-11-30,New York City,NY,1,20
36061,2026-02-08,New York City,NY,1,21
36069,2025-05-25,Ontario,NY,1,1
36071,2025-05-04,Orange,NY,3,3
36071,2025-05-25,Orange,NY,1,4
36079,2025-06-01,Putnam,NY,1,1
36087,2025-08-24,Rockland,NY,1,1
36087,2025-10-19,Rockland,NY,1,2
36087,2025-11-02,Rockland,NY,1,3
36087,2025-11-09,Rockland,NY,2,5
36087,2025-11-16,Rockland,NY,3,8
36087,2025-11-23,Rockland,NY,1,9
36087,2025-11-30,Rockland,NY,4,13
36087,2025-12-07,Rockland,NY,4,17
36087,2025-12-14,Rockland,NY,4,21
36087,2026-03-01,Rockland,NY,3,24
36103,2025-03-09,Suffolk,NY,1,1
37021,2026-01-04,Buncombe,NC,3,3
37021,2026-01-11,Buncombe,NC,2,5
37021,2026-01-18,Buncombe,NC,1,6
37021,2026-02-08,Buncombe,NC,1,7
37023,2026-03-01,Burke,NC,1,1
37025,2026-01-18,Cabarrus,NC,2,2
37081,2025-06-22,Guilford,NC,1,1
37101,2026-02-08,Johnston,NC,1,1
37109,2026-02-01,Lincoln,NC,1,1
37119,2026-01-18,Mecklenburg,NC,2,2
37119,2026-01-25,Mecklenburg,NC,1,3
37127,2026-01-25,Nash,NC,1,1
37149,2025-12-28,Polk,NC,1,1
37149,2026-01-18,Polk,NC,1,2
37149,2026-02-01,Polk,NC,1,3
37149,2026-02-08,Polk,NC,1,4
37149,2026-02-15,Polk,NC,1,5
37161,2025-01-19,Rutherford,NC,1,1
37179,2026-02-08,Union,NC,1,1
37179,2026-03-08,Union,NC,1,2
38013,2025-05-25,Burke,ND,1,1
38017,2025-04-27,Cass,ND,1,1
38017,2025-05-04,Cass,ND,2,3
38017,2025-05-11,Cass,ND,4,7
38035,2025-05-11,Grand Forks,ND,2,2
38035,2025-05-18,Grand Forks,ND,2,4
38035,2025-05-25,Grand Forks,ND,6,10
38067,2026-02-08,Pembina,ND,11,11
38067,2026-02-15,Pembina,ND,4,15
38067,2026-02-22,Pembina,ND,4,19
38067,2026-03-01,Pembina,ND,1,20
38067,2026-03-08,Pembina,ND,1,21
38097,2026-03-01,Traill,ND,1,1
38099,2026-02-15,Walsh,ND,1,1
38105,2025-04-27,Williams,ND,5,5
38105,2025-05-04,Williams,ND,7,12
38105,2025-05-11,Williams,ND,2,14
38105,2025-05-18,Williams,ND,1,15
38105,2025-05-25,Williams,ND,1,16
38105,2025-06-29,Williams,ND,1,17
38105,2025-07-13,Williams,ND,1,18
38105,2026-02-01,Williams,ND,1,19
39003,2025-03-09,Allen,OH,1,1
39007,2025-02-23,Ashtabula,OH,2,2
39007,2025-03-02,Ashtabula,OH,2,4
39007,2025-03-09,Ashtabula,OH,6,10
39007,2025-03-30,Ashtabula,OH,1,11
39007,2025-04-06,Ashtabula,OH,5,16
39035,2025-04-27,Cuyahoga,OH,1,1
39035,2025-12-28,Cuyahoga,OH,1,2
39035,2026-01-04,Cuyahoga,OH,3,5
39039,2025-04-13,Defiance,OH,1,1
39049,2025-05-18,Franklin,OH,1,1
39049,2025-09-14,Franklin,OH,1,2
39049,2025-09-21,Franklin,OH,1,3
39049,2025-09-28,Franklin,OH,2,5
39049,2025-10-05,Franklin,OH,1,6
39049,2025-10-19,Franklin,OH,1,7
39049,2026-02-01,Franklin,OH,2,9
39049,2026-02-08,Franklin,OH,2,11
39049,2026-02-15,Franklin,OH,2,13
39075,2025-03-30,Holmes,OH,1,1
39083,2025-03-30,Knox,OH,7,7
39083,2025-04-06,Knox,OH,7,14
39119,2025-08-24,Muskingum,OH,3,3
40109,2025-03-23,Unknown County,OK,7,7
40109,2025-03-30,Unknown County,OK,1,8
40109,2025-04-13,Unknown County,OK,1,9
40109,2025-04-20,Unknown County,OK,3,12
40109,2025-04-27,Unknown County,OK,1,13
40109,2025-05-04,Unknown County,OK,1,14
40109,2025-06-01,Unknown County,OK,2,16
40109,2025-06-08,Unknown County,OK,1,17
40109,2026-01-25,Unknown County,OK,1,18
41005,2026-01-11,Clackamas,OR,1,1
41005,2026-02-22,Clackamas,OR,1,2
41043,2026-01-11,Linn,OR,2,2
41051,2025-06-22,Multnomah,OR,1,1
42017,2025-03-23,Bucks,PA,1,1
42029,2026-02-15,Chester,PA,1,1
42041,2025-12-14,Cumberland,PA,2,2
42049,2025-03-23,Erie,PA,2,2
42049,2025-03-30,Erie,PA,1,3
42049,2025-04-13,Erie,PA,2,5
42049,2025-05-04,Erie,PA,3,8
42071,2025-04-13,Lancaster,PA,1,1
42071,2026-02-01,Lancaster,PA,5,6
42071,2026-02-08,Lancaster,PA,1,7
42071,2026-02-15,Lancaster,PA,1,8
42071,2026-02-22,Lancaster,PA,1,9
42091,2025-03-02,Montgomery,PA,1,1
42091,2026-02-01,Montgomery,PA,1,2
42091,2026-02-15,Montgomery,PA,1,3
42091,2026-02-22,Montgomery,PA,1,4
42101,2025-03-30,Philadelphia,PA,1,1
42101,2025-04-06,Philadelphia,PA,1,2
44007,2025-01-12,Providence,RI,1,1
45085,2025-11-23,Sumter,SC,3,3
46011,2026-02-15,Brookings,SD,1,1
46019,2025-11-23,Butte,SD,1,1
46019,2025-12-14,Butte,SD,2,3
46019,2025-12-21,Butte,SD,1,4
46051,2026-01-11,Grant,SD,5,5
46051,2026-02-01,Grant,SD,1,6
46083,2025-06-15,Lincoln,SD,2,2
46083,2025-06-22,Lincoln,SD,6,8
46093,2025-06-01,Meade,SD,1,1
46093,2025-06-08,Meade,SD,1,2
46103,2025-05-25,Pennington,SD,1,1
46103,2025-06-01,Pennington,SD,1,2
48003,2025-03-16,Andrews,TX,1,1
48003,2025-04-13,Andrews,TX,1,2
48003,2025-04-20,Andrews,TX,1,3
48013,2025-04-20,Atascosa,TX,1,1
48017,2025-04-20,Bailey,TX,2,2
48019,2026-03-08,Bandera,TX,5,5
48027,2025-06-15,Bell,TX,1,1
48029,2025-06-29,Bexar,TX,1,1
48029,2025-08-10,Bexar,TX,1,2
48033,2025-04-06,Borden,TX,1,1
48039,2025-04-13,Brazoria,TX,1,1
48043,2025-05-18,Brewster,TX,1,1
48049,2025-03-30,Brown,TX,1,1
48065,2025-05-11,Carson,TX,1,1
48079,2025-03-16,Cochran,TX,8,8
48079,2025-03-30,Cochran,TX,1,9
48079,2025-04-06,Cochran,TX,2,11
48079,2025-04-13,Cochran,TX,1,12
48079,2025-04-20,Cochran,TX,2,14
48085,2025-04-20,Collin,TX,1,1
48085,2025-05-11,Collin,TX,1,2
48085,2025-06-01,Collin,TX,2,4
48111,2025-02-23,Dallam,TX,4,4
48111,2025-03-16,Dallam,TX,3,7
48113,2025-06-22,Dallas,TX,1,1
48115,2025-02-16,Dawson,TX,6,6
48115,2025-02-23,Dawson,TX,2,8
48115,2025-03-16,Dawson,TX,6,14
48115,2025-03-30,Dawson,TX,6,20
48115,2025-04-06,Dawson,TX,1,21
48115,2025-04-13,Dawson,TX,3,24
48115,2025-04-20,Dawson,TX,1,25
48115,2025-04-27,Dawson,TX,1,26
48121,2025-04-27,Denton,TX,1,1
48121,2025-05-18,Denton,TX,1,2
48133,2025-04-27,Eastland,TX,2,2
48135,2025-02-16,Ector,TX,1,1
48135,2025-02-23,Ector,TX,1,2
48135,2025-03-16,Ector,TX,2,4
48135,2025-03-30,Ector,TX,4,8
48135,2025-04-13,Ector,TX,1,9
48135,2025-04-20,Ector,TX,1,10
48135,2025-04-27,Ector,TX,1,11
48135,2025-05-25,Ector,TX,1,12
48141,2025-04-06,El Paso,TX,3,3
48141,2025-04-13,El Paso,TX,15,18
48141,2025-04-20,El Paso,TX,4,22
48141,2025-04-27,El Paso,TX,16,38
48141,2025-05-04,El Paso,TX,12,50
48141,2025-05-11,El Paso,TX,2,52
48141,2025-05-18,El Paso,TX,4,56
48141,2025-05-25,El Paso,TX,3,59
48141,2025-06-08,El Paso,TX,1,60
48141,2025-06-29,El Paso,TX,1,61
48141,2026-02-22,El Paso,TX,21,82
48141,2026-03-08,El Paso,TX,21,103
48143,2025-03-16,Erath,TX,1,1
48147,2025-07-13,Fannin,TX,4,4
48157,2025-03-30,Fort Bend,TX,1,1
48163,2026-03-08,Frio,TX,2,2
48165,2025-02-02,Gaines,TX,6,6
48165,2025-02-09,Gaines,TX,36,42
48165,2025-02-16,Gaines,TX,15,57
48165,2025-02-23,Gaines,TX,41,98
48165,2025-03-02,Gaines,TX,9,107
48165,2025-03-09,Gaines,TX,49,156
48165,2025-03-16,Gaines,TX,114,270
48165,2025-03-30,Gaines,TX,45,315
48165,2025-04-06,Gaines,TX,40,355
48165,2025-04-13,Gaines,TX,16,371
48165,2025-04-20,Gaines,TX,22,393
48165,2025-04-27,Gaines,TX,3,396
48165,2025-05-04,Gaines,TX,7,403
48165,2025-05-11,Gaines,TX,3,406
48165,2025-05-18,Gaines,TX,2,408
48165,2025-05-25,Gaines,TX,1,409
48165,2025-06-01,Gaines,TX,2,411
48165,2025-06-15,Gaines,TX,2,413
48165,2025-06-29,Gaines,TX,1,414
48169,2025-03-16,Garza,TX,1,1
48169,2025-03-30,Garza,TX,1,2
48189,2025-03-16,Hale,TX,1,1
48189,2025-03-30,Hale,TX,2,3
48189,2025-04-06,Hale,TX,2,5
48197,2025-04-27,Hardeman,TX,1,1
48201,2025-01-19,Harris,TX,2,2
48201,2025-03-16,Harris,TX,1,3
48201,2025-07-13,Harris,TX,1,4
48201,2025-08-03,Harris,TX,1,5
48203,2025-05-18,Harrison,TX,1,1
48209,2025-05-18,Hays,TX,1,1
48219,2025-03-16,Hockley,TX,1,1
48219,2025-03-30,Hockley,TX,2,3
48219,2025-04-13,Hockley,TX,2,5
48219,2025-04-27,Hockley,TX,1,6
48219,2025-08-03,Hockley,TX,1,7
48229,2026-03-08,Hudspeth,TX,99,99
48259,2026-03-08,Kendall,TX,1,1
48277,2025-03-16,Lamar,TX,10,10
48277,2025-03-30,Lamar,TX,1,11
48277,2025-04-20,Lamar,TX,3,14
48277,2025-04-27,Lamar,TX,3,17
48277,2025-05-04,Lamar,TX,2,19
48277,2025-05-18,Lamar,TX,1,20
48277,2025-06-01,Lamar,TX,1,21
48277,2025-06-15,Lamar,TX,2,23
48277,2025-06-29,Lamar,TX,3,26
48277,2025-07-06,Lamar,TX,2,28
48279,2025-03-16,Lamb,TX,1,1
48303,2025-02-16,Lubbock,TX,1,1
48303,2025-02-23,Lubbock,TX,1,2
48303,2025-03-16,Lubbock,TX,21,23
48303,2025-03-30,Lubbock,TX,10,33
48303,2025-04-06,Lubbock,TX,5,38
48303,2025-04-13,Lubbock,TX,4,42
48303,2025-04-20,Lubbock,TX,5,47
48303,2025-04-27,Lubbock,TX,3,50
48303,2025-05-04,Lubbock,TX,1,51
48303,2025-05-11,Lubbock,TX,1,52
48303,2026-03-08,Lubbock,TX,1,53
48305,2025-02-09,Lynn,TX,1,1
48305,2025-02-23,Lynn,TX,1,2
48309,2025-05-18,McLennan,TX,1,1
48309,2025-05-25,McLennan,TX,7,8
48309,2025-06-15,McLennan,TX,1,9
48317,2025-02-23,Martin,TX,3,3
48329,2025-03-16,Midland,TX,1,1
48329,2025-04-13,Midland,TX,1,2
48329,2025-04-20,Midland,TX,1,3
48329,2025-05-18,Midland,TX,2,5
48329,2025-06-08,Midland,TX,1,6
48329,2025-08-03,Midland,TX,1,7
48369,2025-04-13,Parmer,TX,4,4
48369,2025-05-04,Parmer,TX,1,5
48375,2025-04-13,Potter,TX,1,1
48379,2025-08-31,Rains,TX,1,1
48381,2025-04-06,Randall,TX,1,1
48381,2025-05-18,Randall,TX,2,3
48389,2025-04-13,Reeves,TX,1,1
48389,2025-05-25,Reeves,TX,1,2
48397,2025-03-16,Rockwall,TX,1,1
48397,2025-04-20,Rockwall,TX,1,2
48397,2026-02-22,Rockwall,TX,6,8
48397,2026-03-08,Rockwall,TX,6,14
48415,2025-05-18,Scurry,TX,1,1
48417,2025-04-27,Shackelford,TX,1,1
48439,2025-05-04,Tarrant,TX,2,2
48439,2025-05-25,Tarrant,TX,2,4
48445,2025-02-09,Terry,TX,3,3
48445,2025-02-16,Terry,TX,17,20
48445,2025-02-23,Terry,TX,1,21
48445,2025-03-16,Terry,TX,17,38
48445,2025-03-30,Terry,TX,5,43
48445,2025-04-06,Terry,TX,4,47
48445,2025-04-13,Terry,TX,5,52
48445,2025-04-20,Terry,TX,7,59
48445,2025-05-04,Terry,TX,1,60
48453,2025-03-16,Travis,TX,1,1
48453,2025-04-27,Travis,TX,1,2
48459,2025-04-13,Upshur,TX,1,1
48459,2025-04-20,Upshur,TX,1,2
48459,2025-04-27,Upshur,TX,3,5
48491,2025-05-25,Williamson,TX,6,6
48491,2025-08-03,Williamson,TX,2,8
48501,2025-02-09,Yoakum,TX,2,2
48501,2025-02-16,Yoakum,TX,2,4
48501,2025-02-23,Yoakum,TX,2,6
48501,2025-03-16,Yoakum,TX,9,15
48501,2025-03-30,Yoakum,TX,2,17
48501,2025-04-06,Yoakum,TX,1,18
48501,2025-04-13,Yoakum,TX,1,19
48501,2025-05-04,Yoakum,TX,1,20
49011,2025-11-30,Davis,UT,1,1
49011,2025-12-07,Davis,UT,1,2
49011,2026-02-08,Davis,UT,1,3
49011,2026-02-22,Davis,UT,1,4
49011,2026-03-01,Davis,UT,1,5
49011,2026-03-08,Davis,UT,4,9
49035,2025-11-16,Salt Lake,UT,1,1
49035,2025-11-23,Salt Lake,UT,1,2
49035,2025-12-07,Salt Lake,UT,1,3
49035,2025-12-21,Salt Lake,UT,1,4
49035,2025-12-28,Salt Lake,UT,1,5
49035,2026-01-11,Salt Lake,UT,1,6
49035,2026-01-18,Salt Lake,UT,2,8
49035,2026-01-25,Salt Lake,UT,10,18
49035,2026-02-01,Salt Lake,UT,6,24
49035,2026-02-08,Salt Lake,UT,2,26
49035,2026-02-15,Salt Lake,UT,6,32
49035,2026-02-22,Salt Lake,UT,2,34
49035,2026-03-01,Salt Lake,UT,10,44
49035,2026-03-08,Salt Lake,UT,4,48
49037,2026-02-01,San Juan,UT,3,3
49043,2026-01-11,Summit,UT,1,1
49045,2026-02-15,Tooele,UT,2,2
49045,2026-02-22,Tooele,UT,4,6
49045,2026-03-08,Tooele,UT,5,11
49049,2025-06-15,Utah,UT,1,1
49049,2025-06-22,Utah,UT,4,5
49049,2025-06-29,Utah,UT,2,7
49049,2025-10-26,Utah,UT,1,8
49049,2025-11-02,Utah,UT,1,9
49049,2025-12-07,Utah,UT,1,10
49049,2025-12-21,Utah,UT,6,16
49049,2026-01-04,Utah,UT,3,19
49049,2026-01-11,Utah,UT,5,24
49049,2026-01-18,Utah,UT,4,28
49049,2026-01-25,Utah,UT,7,35
49049,2026-02-08,Utah,UT,3,38
49049,2026-02-15,Utah,UT,3,41
49049,2026-02-22,Utah,UT,5,46
49049,2026-03-01,Utah,UT,4,50
49049,2026-03-08,Utah,UT,17,67
49051,2025-11-23,Wasatch,UT,8,8
49051,2025-12-07,Wasatch,UT,1,9
49057,2026-01-18,Weber-Morgan,UT,2,2
50015,2025-03-09,Lamoille,VT,1,1
50023,2026-02-08,Washington,VT,1,1
53011,2026-01-18,Clark,WA,1,1
53011,2026-02-01,Clark,WA,7,8
53033,2025-02-23,King,WA,1,1
53033,2025-04-06,King,WA,1,2
53033,2025-04-20,King,WA,1,3
53033,2025-05-18,King,WA,1,4
53033,2025-06-22,King,WA,2,6
53033,2025-10-26,King,WA,1,7
53037,2026-01-11,Kittitas,WA,1,1
53061,2025-03-16,Snohomish,WA,1,1
53061,2025-03-30,Snohomish,WA,1,2
53061,2026-01-11,Snohomish,WA,4,6
53061,2026-01-18,Snohomish,WA,2,8
53061,2026-01-25,Snohomish,WA,1,9
53061,2026-02-01,Snohomish,WA,4,13
53061,2026-02-08,Snohomish,WA,1,14
53061,2026-02-22,Snohomish,WA,2,16
53063,2025-08-24,Spokane,WA,1,1
53065,2026-02-01,Stevens,WA,1,1
53065,2026-02-08,Stevens,WA,2,3
53073,2025-06-15,Whatcom,WA,1,1
53073,2025-06-22,Whatcom,WA,1,2
55025,2026-01-25,Dane,WI,1,1
55083,2025-07-13,Oconto,WI,1,1
55083,2025-07-20,Oconto,WI,4,5
55083,2025-07-27,Oconto,WI,4,9
55083,2025-08-10,Oconto,WI,2,11
55083,2025-08-17,Oconto,WI,13,24
55083,2025-08-24,Oconto,WI,3,27
55083,2025-08-31,Oconto,WI,8,35
55083,2025-09-07,Oconto,WI,1,36
55133,2026-01-18,Waukesha,WI,1,1
56007,2025-07-20,Carbon,WY,1,1
56007,2025-07-27,Carbon,WY,4,5
56007,2025-08-10,Carbon,WY,1,6
56007,2025-08-24,Carbon,WY,1,7
56013,2025-12-14,Fremont,WY,5,5
56025,2025-06-29,Natrona,WY,1,1
56027,2025-07-06,Niobrara,WY,1,1
56029,2025-12-14,Park,WY,1,1
